auc,dalle2,dalle3,firefly,midjourney-v5,AVG
clipdet_latent10k_plus,0.862997,0.9286569999999998,0.8749040000000001,0.816729,0.8708217500000001
Corvi2023,0.693961,0.608246,0.9800480000000001,1.0,0.82056375
fusion,0.8627100000000001,0.9265610000000001,0.9060785,1.0,0.9238373750000001
